﻿<?xml version="1.0" encoding="utf-8"?>
<Feature xmlns="http://schemas.microsoft.com/sharepoint/" Id="01e3e17c-1992-4c35-964d-db0b6bfab9cf" Scope="Site" Title="Intranet Perifel - WebParts">
  <ElementManifests>
    <ElementManifest Location="NewsPFL\Elements.xml" />
    <ElementFile Location="NewsPFL\NewsPFL.webpart" />
    <ElementManifest Location="QuickAccessPFL\Elements.xml" />
    <ElementFile Location="QuickAccessPFL\QuickAccessPFL.webpart" />
    <ElementManifest Location="BirthdaysPFL\Elements.xml" />
    <ElementFile Location="BirthdaysPFL\BirthdaysPFL.webpart" />
    <ElementManifest Location="CurrencyPFL\Elements.xml" />
    <ElementFile Location="CurrencyPFL\CurrencyPFL.webpart" />
    <ElementManifest Location="Slider\Elements.xml" />
    <ElementFile Location="Slider\Slider.webpart" />
    <ElementManifest Location="WeatherPFL\Elements.xml" />
    <ElementFile Location="WeatherPFL\WeatherPFL.webpart" />
    <ElementManifest Location="VacantesPFL\Elements.xml" />
    <ElementFile Location="VacantesPFL\VacantesPFL.webpart" />
  </ElementManifests>
</Feature>