﻿<?xml version="1.0" encoding="utf-8"?>
<Solution xmlns="http://schemas.microsoft.com/sharepoint/" SolutionId="dcdf5ee2-bc55-4b70-b11c-ed319ee46d11" SharePointProductVersion="15.0">
  <Assemblies>
    <Assembly Location="IntranetPerifel.dll" DeploymentTarget="GlobalAssemblyCache">
      <SafeControls>
        <SafeControl Assembly="IntranetPerifel, Version=1.0.0.0, Culture=neutral, PublicKeyToken=18769134afc1202d" Namespace="IntranetPerifel.WebParts.NewsPFL" TypeName="*" />
        <SafeControl Assembly="IntranetPerifel, Version=1.0.0.0, Culture=neutral, PublicKeyToken=18769134afc1202d" Namespace="IntranetPerifel.WebParts.QuickAccessPFL" TypeName="*" />
        <SafeControl Assembly="IntranetPerifel, Version=1.0.0.0, Culture=neutral, PublicKeyToken=18769134afc1202d" Namespace="IntranetPerifel.WebParts.BirthdaysPFL" TypeName="*" />
        <SafeControl Assembly="IntranetPerifel, Version=1.0.0.0, Culture=neutral, PublicKeyToken=18769134afc1202d" Namespace="IntranetPerifel.WebParts.CurrencyPFL" TypeName="*" />
        <SafeControl Assembly="IntranetPerifel, Version=1.0.0.0, Culture=neutral, PublicKeyToken=18769134afc1202d" Namespace="IntranetPerifelv2.WP.Slider" TypeName="*" />
        <SafeControl Assembly="IntranetPerifel, Version=1.0.0.0, Culture=neutral, PublicKeyToken=18769134afc1202d" Namespace="IntranetPerifel.WebParts.WeatherPFL" TypeName="*" />
        <SafeControl Assembly="IntranetPerifel, Version=1.0.0.0, Culture=neutral, PublicKeyToken=18769134afc1202d" Namespace="IntranetPerifel.WebParts.VacantesPFL" TypeName="*" />
      </SafeControls>
    </Assembly>
  </Assemblies>
  <FeatureManifests>
    <FeatureManifest Location="IntranetPerifel_Feature1\Feature.xml" />
    <FeatureManifest Location="IntranetPerifel_Feature2\Feature.xml" />
  </FeatureManifests>
</Solution>