﻿<?xml version="1.0" encoding="utf-8"?>
<Feature xmlns="http://schemas.microsoft.com/sharepoint/" Description="Esta característica contiene los recursos para las webparts de home." Id="886a0427-9075-4285-9149-52521858dbb1" Scope="Web" Title="Intranet Perifel - Recursos Home">
  <ElementManifests>
    <ElementManifest Location="NewsPFL\Elements.xml" />
    <ElementManifest Location="QuickAccessPFLInstance\Elements.xml" />
    <ElementManifest Location="QuickAccessPFL\Elements.xml" />
    <ElementFile Location="QuickAccessPFL\Schema.xml" />
    <ElementManifest Location="RecursosIntranetPFL\Elements.xml" />
    <ElementFile Location="RecursosIntranetPFL\Sample.txt" />
    <ElementFile Location="RecursosIntranetPFL\JS\angular.min.js" />
    <ElementFile Location="RecursosIntranetPFL\JS\newsPFL.js" />
    <ElementFile Location="RecursosIntranetPFL\JS\quickAccessPFL.js" />
    <ElementFile Location="RecursosIntranetPFL\CSS\lightboxPFL.css" />
    <ElementFile Location="RecursosIntranetPFL\CSS\quickaccessPFL.css" />
    <ElementFile Location="RecursosIntranetPFL\JS\swiper.min.js" />
    <ElementFile Location="RecursosIntranetPFL\JS\BirthdaysPFL.js" />
    <ElementFile Location="RecursosIntranetPFL\CSS\swiper.css" />
    <ElementFile Location="RecursosIntranetPFL\Slider\js\slider.js" />
    <ElementFile Location="RecursosIntranetPFL\CSS\birthdaysPFL.css" />
    <ElementFile Location="RecursosIntranetPFL\JS\currencyPFL.js" />
    <ElementFile Location="RecursosIntranetPFL\JS\weatherPFL.js" />
    <ElementFile Location="RecursosIntranetPFL\CSS\weatherPFL.css" />
    <ElementFile Location="RecursosIntranetPFL\JS\jquery.simpleWeather.min.js" />
    <ElementFile Location="RecursosIntranetPFL\JS\jquery-1.12.1.js" />
    <ElementFile Location="RecursosIntranetPFL\JS\cursosytalleres.js" />
    <ElementFile Location="RecursosIntranetPFL\JS\vacantesPFL.js" />
    <ElementFile Location="RecursosIntranetPFL\CSS\cursosytalleres.css" />
    <ElementFile Location="RecursosIntranetPFL\CSS\vacantesPFL.css" />
    <ElementFile Location="RecursosIntranetPFL\CSS\bootstrap.css" />
    <ElementFile Location="RecursosIntranetPFL\Img\people.png" />
    <ElementFile Location="RecursosIntranetPFL\Img\vacantes.png" />
    <ElementManifest Location="BirthdaysPFLInstance\Elements.xml" />
    <ElementManifest Location="BirthdaysPFL\Elements.xml" />
    <ElementFile Location="BirthdaysPFL\Schema.xml" />
    <ElementManifest Location="SliderPFL\Elements.xml" />
    <ElementManifest Location="Cursos y Talleres Instance\Elements.xml" />
    <ElementManifest Location="Cursos y Talleres\Elements.xml" />
    <ElementFile Location="Cursos y Talleres\Schema.xml" />
    <ElementManifest Location="VacantesPFL\Elements.xml" />
    <ElementFile Location="VacantesPFL\Schema.xml" />
    <ElementManifest Location="VacantesInstance\Elements.xml" />
  </ElementManifests>
</Feature>
